<?xml version="1.0" encoding="UTF-8"?>
<project-private xmlns="http://www.netbeans.org/ns/project-private/1">
    <editor-bookmarks xmlns="http://www.netbeans.org/ns/editor-bookmarks/2" lastBookmarkId="1">
        <file>
            <url>src/Business/UnitedNations/UnitedNations.java</url>
            <bookmark id="1">
                <name/>
                <line>46</line>
                <key/>
            </bookmark>
        </file>
    </editor-bookmarks>
    <open-files xmlns="http://www.netbeans.org/ns/projectui-open-files/2">
        <group>
            <file>file:/C:/Users/Rohan/Desktop/Northeastern%20University/AED/Final%20reference/Manish/ROhan_T/AED%20Final%20Project/src/Business/DB4OUtil/DB4OUtil.java</file>
            <file>file:/C:/Users/Rohan/Desktop/Northeastern%20University/AED/Final%20reference/Manish/ROhan_T/AED%20Final%20Project/src/userinterface/CountryRole/SenderCountryWorkAreaJPanel.java</file>
            <file>file:/C:/Users/Rohan/Desktop/Northeastern%20University/AED/Final%20reference/Manish/ROhan_T/AED%20Final%20Project/src/Business/UnitedNations/UnitedNations.java</file>
            <file>file:/C:/Users/Rohan/Desktop/Northeastern%20University/AED/Final%20reference/Manish/ROhan_T/AED%20Final%20Project/src/userinterface/UnitedNationsRole/UnitedNationsHeadWorkAreaPanel.java</file>
            <file>file:/C:/Users/Rohan/Desktop/Northeastern%20University/AED/Final%20reference/Manish/ROhan_T/AED%20Final%20Project/src/Business/UnitedNations/UnitedNationsRefugeeRegistration.java</file>
            <file>file:/C:/Users/Rohan/Desktop/Northeastern%20University/AED/Final%20reference/Manish/ROhan_T/AED%20Final%20Project/src/userinterface/MainJFrame.java</file>
        </group>
    </open-files>
</project-private>
